DROP TABLE SORTEOS CASCADE CONSTRAINTS;

CREATE TABLE SORTEOS (
  idSorteo NUMBER(10),
  numSorteo NUMBER(10),
  cadenciaSorteo NUMBER(10),
  fechaApertura DATE,
  fechaSorteo DATE,
  fechaCierre DATE,
  CONSTRAINT sorteos_pk PRIMARY KEY (idSorteo));

DROP TABLE SOLICITUDES CASCADE CONSTRAINTS; 
 
CREATE TABLE SOLICITUDES (
  idSolicitud NUMBER(10),
  fechaHoraCita DATE NULL,
  situacionSolic VARCHAR2(45) NOT NULL,
  ordenSorteo NUMBER(10) NULL,
  CONSTRAINT solicitudes_pk PRIMARY KEY (idSolicitud));

DROP TABLE PROVINCIAS CASCADE CONSTRAINTS; 
  
CREATE TABLE PROVINCIAS (
  idProvincia VARCHAR2(3),
  nombreProv VARCHAR2(45) NOT NULL,
  CONSTRAINT provincias_pk PRIMARY KEY (idProvincia));

DROP TABLE CENTROS CASCADE CONSTRAINTS; 

INSERT INTO PROVINCIAS VALUES ('ARB','ARABA');
INSERT INTO PROVINCIAS VALUES ('BZK','BIZKAIA');
INSERT INTO PROVINCIAS VALUES ('GZK','GIPUZKOA');
  
CREATE TABLE CENTROS (
  idCentro NUMBER(10),
  nombreCent VARCHAR2(45) NOT NULL,
  modeloCent VARCHAR2(3) NOT NULL,
  idProvincia VARCHAR2(3),
  CONSTRAINT centros_pk PRIMARY KEY (idCentro),
  CONSTRAINT centProv_fk FOREIGN KEY (idProvincia)
    REFERENCES PROVINCIAS (idProvincia));

INSERT INTO CENTROS VALUES(1,'Abedaño Ikastola','A','ARB');
INSERT INTO CENTROS VALUES(2,'Aranbizkarra Ikastola','D','ARB');
INSERT INTO CENTROS VALUES(3,'Carmelitas-Sagrado Corazón','A','ARB');
INSERT INTO CENTROS VALUES(4,'Aguraingo Haurreskola','D','ARB');
INSERT INTO CENTROS VALUES(5,'Laudio Ikastola','D','ARB');
INSERT INTO CENTROS VALUES(6,'Aresketa Ikastola','D','ARB');
INSERT INTO CENTROS VALUES(7,'San Bizente Ikastola','D','ARB');
INSERT INTO CENTROS VALUES(8,'Abusu Ikastola','D','BZK');
INSERT INTO CENTROS VALUES(9,'Adagio Eskola','D','BZK');
INSERT INTO CENTROS VALUES(10,'Barrutialde','D','BZK');
INSERT INTO CENTROS VALUES(11,'Barrutia','D','BZK');
INSERT INTO CENTROS VALUES(12,'Allende Salazar-pasealeku','D','BZK');
INSERT INTO CENTROS VALUES(13,'San Fidel Ikastola','D','BZK');
INSERT INTO CENTROS VALUES(14,'Gernika Ikastola','D','BZK');
INSERT INTO CENTROS VALUES(15,'Corazón de María','A','GZK');
INSERT INTO CENTROS VALUES(16,'Aldako','D','GZK');
INSERT INTO CENTROS VALUES(17,'Bidebieta','D','GZK');
INSERT INTO CENTROS VALUES(18,'Catalina Erauso','A','GZK');
INSERT INTO CENTROS VALUES(19,'Tolosako Haurreskola','D','GZK');


DROP TABLE INSCRIPCIONES CASCADE CONSTRAINTS; 

CREATE TABLE INSCRIPCIONES (
  idInscripcion VARCHAR2(10),
  idSolicitud NUMBER(10),
  CONSTRAINT inscripciones_pk PRIMARY KEY (idInscripcion),
  CONSTRAINT insSol_fk FOREIGN KEY (idSolicitud)
    REFERENCES SOLICITUDES (idSolicitud));

DROP TABLE TUTORES CASCADE CONSTRAINTS; 

CREATE TABLE TUTORES (
  idSolicitante NUMBER(10),
  dniTutor VARCHAR2(13) UNIQUE NOT NULL,
  nombreTutor VARCHAR2(20) NOT NULL,
  ape1Tutor VARCHAR2(30) NOT NULL,
  ape2Tutor VARCHAR2(30) NOT NULL,
  idInscrip VARCHAR2(10),
  CONSTRAINT tutores_pk PRIMARY KEY (idSolicitante),
  CONSTRAINT tutIns_fk FOREIGN KEY (idInscrip)
    REFERENCES INSCRIPCIONES (idInscripcion));

DROP TABLE TELEFONOS CASCADE CONSTRAINTS; 

CREATE TABLE TELEFONOS (
  numeroTelf VARCHAR2(9),
  idSolicitante NUMBER(10),
  CONSTRAINT telefonos_pk PRIMARY KEY (numeroTelf),
  CONSTRAINT telTut_fk FOREIGN KEY (idSolicitante)
    REFERENCES TUTORES (idSolicitante));

DROP TABLE MUNICIPIOS CASCADE CONSTRAINTS; 

CREATE TABLE MUNICIPIOS (
  idMunicipio NUMBER(10),
  nombreMunic VARCHAR2(45) NOT NULL,
  idProvincia VARCHAR2(3),
  CONSTRAINT municipios_pk PRIMARY KEY (idMunicipio),
  CONSTRAINT munProv_fk FOREIGN KEY (idProvincia)
    REFERENCES PROVINCIAS (idProvincia));
	
--Alava--	
INSERT INTO MUNICIPIOS VALUES(1,'Alegría de Álava','ARB');
INSERT INTO MUNICIPIOS VALUES(2,'Amurrio','ARB');
INSERT INTO MUNICIPIOS VALUES(3,'Añana','ARB');
INSERT INTO MUNICIPIOS VALUES(4,'Aramayona','ARB');
INSERT INTO MUNICIPIOS VALUES(5,'Armiñón','ARB');
INSERT INTO MUNICIPIOS VALUES(6,'Arraya-Maestu','ARB');
INSERT INTO MUNICIPIOS VALUES(7,'Arrazua-Ubarrundia','ARB');
INSERT INTO MUNICIPIOS VALUES(8,'Arceniega','ARB');
INSERT INTO MUNICIPIOS VALUES(9,'Aspárrena','ARB');
INSERT INTO MUNICIPIOS VALUES(11,'Ayala','ARB');
INSERT INTO MUNICIPIOS VALUES(12,'Baños de Ebro','ARB');
INSERT INTO MUNICIPIOS VALUES(13,'Barrundia','ARB');
INSERT INTO MUNICIPIOS VALUES(14,'Berantevilla','ARB');
INSERT INTO MUNICIPIOS VALUES(15,'Bernedo','ARB');
INSERT INTO MUNICIPIOS VALUES(16,'Campezo','ARB');
INSERT INTO MUNICIPIOS VALUES(17,'Elburgo','ARB');
INSERT INTO MUNICIPIOS VALUES(18,'Elciego','ARB');
INSERT INTO MUNICIPIOS VALUES(19,'Elvillar','ARB');
INSERT INTO MUNICIPIOS VALUES(20,'Valle de Arana','ARB');
INSERT INTO MUNICIPIOS VALUES(21,'Iruña de Oca','ARB');
INSERT INTO MUNICIPIOS VALUES(22,'Iruraiz-Gauna','ARB');
INSERT INTO MUNICIPIOS VALUES(23,'Cripán','ARB');
INSERT INTO MUNICIPIOS VALUES(24,'Cuartango','ARB');
INSERT INTO MUNICIPIOS VALUES(25,'Labastida','ARB');
INSERT INTO MUNICIPIOS VALUES(26,'Lagrán','ARB');
INSERT INTO MUNICIPIOS VALUES(27,'Laguardia','ARB');
INSERT INTO MUNICIPIOS VALUES(28,'Lanciego','ARB');
INSERT INTO MUNICIPIOS VALUES(29,'Lantarón','ARB');
INSERT INTO MUNICIPIOS VALUES(30,'Lapuebla de Labarca','ARB');
INSERT INTO MUNICIPIOS VALUES(31,'Llodio','ARB');
INSERT INTO MUNICIPIOS VALUES(32,'Villarreal de Álava','ARB');
INSERT INTO MUNICIPIOS VALUES(33,'Leza','ARB');
INSERT INTO MUNICIPIOS VALUES(34,'Moreda de Álava','ARB');
INSERT INTO MUNICIPIOS VALUES(35,'Navaridas','ARB');
INSERT INTO MUNICIPIOS VALUES(36,'Oquendo','ARB');
INSERT INTO MUNICIPIOS VALUES(37,'Oyón','ARB');
INSERT INTO MUNICIPIOS VALUES(38,'Peñacerrada','ARB');
INSERT INTO MUNICIPIOS VALUES(39,'Ribera Alta','ARB');
INSERT INTO MUNICIPIOS VALUES(40,'Ribera Baja','ARB');
INSERT INTO MUNICIPIOS VALUES(41,'Salvatierra','ARB');
INSERT INTO MUNICIPIOS VALUES(42,'Samaniego','ARB');
INSERT INTO MUNICIPIOS VALUES(43,'San Millán','ARB');
INSERT INTO MUNICIPIOS VALUES(44,'Urkabustaiz','ARB');
INSERT INTO MUNICIPIOS VALUES(45,'Valdegovía','ARB');
INSERT INTO MUNICIPIOS VALUES(46,'Villabuena de Álava','ARB');
INSERT INTO MUNICIPIOS VALUES(47,'Vitoria','ARB');
INSERT INTO MUNICIPIOS VALUES(48,'Yécora','ARB');
INSERT INTO MUNICIPIOS VALUES(49,'Zalduendo de Álava','ARB');
INSERT INTO MUNICIPIOS VALUES(50,'Zambrana','ARB');
INSERT INTO MUNICIPIOS VALUES(51,'Cigoitia','ARB');
INSERT INTO MUNICIPIOS VALUES(52,'Zuya','ARB');
--Bizkaia--
INSERT INTO MUNICIPIOS VALUES(1,'Abadiño','BZK');
INSERT INTO MUNICIPIOS VALUES(2,'Abanto-Zierbena','BZK');
INSERT INTO MUNICIPIOS VALUES(3,'Ajangiz','BZK');
INSERT INTO MUNICIPIOS VALUES(4,'Alonsotegi','BZK');
INSERT INTO MUNICIPIOS VALUES(5,'Amorebieta-Etxano','BZK');
INSERT INTO MUNICIPIOS VALUES(6,'Amoroto','BZK');
INSERT INTO MUNICIPIOS VALUES(7,'Arakaldo','BZK');
INSERT INTO MUNICIPIOS VALUES(8,'Arantzazu','BZK');
INSERT INTO MUNICIPIOS VALUES(9,'Arcentales','BZK');
INSERT INTO MUNICIPIOS VALUES(10,'Areatza','BZK');
INSERT INTO MUNICIPIOS VALUES(11,'Arrankudiaga','BZK');
INSERT INTO MUNICIPIOS VALUES(12,'Arratzu','BZK');
INSERT INTO MUNICIPIOS VALUES(13,'Arrieta','BZK');
INSERT INTO MUNICIPIOS VALUES(14,'Arrigorriaga','BZK');
INSERT INTO MUNICIPIOS VALUES(15,'Artea','BZK');
INSERT INTO MUNICIPIOS VALUES(16,'Atxondo','BZK');
INSERT INTO MUNICIPIOS VALUES(17,'Aulesti','BZK');
INSERT INTO MUNICIPIOS VALUES(18,'Bakio','BZK');
INSERT INTO MUNICIPIOS VALUES(19,'Balmaseda','BZK');
INSERT INTO MUNICIPIOS VALUES(20,'Barakaldo','BZK');
INSERT INTO MUNICIPIOS VALUES(21,'Barrika','BZK');
INSERT INTO MUNICIPIOS VALUES(22,'Basauri','BZK');
INSERT INTO MUNICIPIOS VALUES(23,'Bedia','BZK');
INSERT INTO MUNICIPIOS VALUES(24,'Berango','BZK');
INSERT INTO MUNICIPIOS VALUES(25,'Bermeo','BZK');
INSERT INTO MUNICIPIOS VALUES(26,'Berriatua','BZK');
INSERT INTO MUNICIPIOS VALUES(27,'Berriz','BZK');
INSERT INTO MUNICIPIOS VALUES(28,'Bilbao','BZK');
INSERT INTO MUNICIPIOS VALUES(29,'Busturia','BZK');
INSERT INTO MUNICIPIOS VALUES(30,'Derio','BZK');
INSERT INTO MUNICIPIOS VALUES(31,'Dima','BZK');
INSERT INTO MUNICIPIOS VALUES(32,'Durango','BZK');
INSERT INTO MUNICIPIOS VALUES(33,'Ea','BZK');
INSERT INTO MUNICIPIOS VALUES(34,'Elantxobe','BZK');
INSERT INTO MUNICIPIOS VALUES(35,'Elorrio','BZK');
INSERT INTO MUNICIPIOS VALUES(36,'Erandio','BZK');
INSERT INTO MUNICIPIOS VALUES(37,'Ereño','BZK');
INSERT INTO MUNICIPIOS VALUES(38,'Ermua','BZK');
INSERT INTO MUNICIPIOS VALUES(39,'Errigoiti','BZK');
INSERT INTO MUNICIPIOS VALUES(40,'Etxebarri','BZK');
INSERT INTO MUNICIPIOS VALUES(41,'Etxebarria','BZK');
INSERT INTO MUNICIPIOS VALUES(42,'Forua','BZK');
INSERT INTO MUNICIPIOS VALUES(43,'Fruiz','BZK');
INSERT INTO MUNICIPIOS VALUES(44,'Galdakao','BZK');
INSERT INTO MUNICIPIOS VALUES(45,'Galdames','BZK');
INSERT INTO MUNICIPIOS VALUES(46,'Gamiz-Fika','BZK');
INSERT INTO MUNICIPIOS VALUES(47,'Garai','BZK');
INSERT INTO MUNICIPIOS VALUES(48,'Gatika','BZK');
INSERT INTO MUNICIPIOS VALUES(49,'Gautegiz-Arteaga','BZK');
INSERT INTO MUNICIPIOS VALUES(50,'Gernika-Lumo','BZK');
INSERT INTO MUNICIPIOS VALUES(51,'Getxo','BZK');
INSERT INTO MUNICIPIOS VALUES(52,'Gizaburuaga','BZK');
INSERT INTO MUNICIPIOS VALUES(53,'Gordexola','BZK');
INSERT INTO MUNICIPIOS VALUES(54,'Gorliz','BZK');
INSERT INTO MUNICIPIOS VALUES(55,'Gueñes','BZK');
INSERT INTO MUNICIPIOS VALUES(56,'Ibarrangelu','BZK');
INSERT INTO MUNICIPIOS VALUES(57,'Igorre','BZK');
INSERT INTO MUNICIPIOS VALUES(58,'Ispaster','BZK');
INSERT INTO MUNICIPIOS VALUES(59,'Iurreta','BZK');
INSERT INTO MUNICIPIOS VALUES(60,'Izurtza','BZK');
INSERT INTO MUNICIPIOS VALUES(61,'Valle de Carranza','BZK');
INSERT INTO MUNICIPIOS VALUES(62,'Kortezubi','BZK');
INSERT INTO MUNICIPIOS VALUES(63,'Lanestosa','BZK');
INSERT INTO MUNICIPIOS VALUES(64,'Larrabetzu','BZK');
INSERT INTO MUNICIPIOS VALUES(65,'Laukiz','BZK');
INSERT INTO MUNICIPIOS VALUES(66,'Leioa','BZK');
INSERT INTO MUNICIPIOS VALUES(67,'Lekeitio','BZK');
INSERT INTO MUNICIPIOS VALUES(68,'Lemoa','BZK');
INSERT INTO MUNICIPIOS VALUES(69,'Lemoiz','BZK');
INSERT INTO MUNICIPIOS VALUES(70,'Lezama','BZK');
INSERT INTO MUNICIPIOS VALUES(71,'Loiu','BZK');
INSERT INTO MUNICIPIOS VALUES(72,'Mallabia','BZK');
INSERT INTO MUNICIPIOS VALUES(73,'Mañaria','BZK');
INSERT INTO MUNICIPIOS VALUES(74,'Markina-Xemein','BZK');
INSERT INTO MUNICIPIOS VALUES(75,'Maruri-Jatabe','BZK');
INSERT INTO MUNICIPIOS VALUES(76,'Mendata','BZK');
INSERT INTO MUNICIPIOS VALUES(77,'Mendexa','BZK');
INSERT INTO MUNICIPIOS VALUES(78,'Meñaka','BZK');
INSERT INTO MUNICIPIOS VALUES(79,'Morga','BZK');
INSERT INTO MUNICIPIOS VALUES(80,'Mundaka','BZK');
INSERT INTO MUNICIPIOS VALUES(81,'Mungia','BZK');
INSERT INTO MUNICIPIOS VALUES(82,'Munitibar-Arbatzegi Gerrikaitz','BZK');
INSERT INTO MUNICIPIOS VALUES(83,'Murueta','BZK');
INSERT INTO MUNICIPIOS VALUES(84,'Muskiz','BZK');
INSERT INTO MUNICIPIOS VALUES(85,'Muxika','BZK');
INSERT INTO MUNICIPIOS VALUES(86,'Nabarniz','BZK');
INSERT INTO MUNICIPIOS VALUES(87,'Ondarroa','BZK');
INSERT INTO MUNICIPIOS VALUES(88,'Orozko','BZK');
INSERT INTO MUNICIPIOS VALUES(89,'Ortuella','BZK');
INSERT INTO MUNICIPIOS VALUES(90,'Otxandio','BZK');
INSERT INTO MUNICIPIOS VALUES(91,'Plentzia','BZK');
INSERT INTO MUNICIPIOS VALUES(92,'Portugalete','BZK');
INSERT INTO MUNICIPIOS VALUES(93,'Santurtzi','BZK');
INSERT INTO MUNICIPIOS VALUES(94,'Sestao','BZK');
INSERT INTO MUNICIPIOS VALUES(95,'Sondika','BZK');
INSERT INTO MUNICIPIOS VALUES(96,'Sopela','BZK');
INSERT INTO MUNICIPIOS VALUES(97,'Sopuerta','BZK');
INSERT INTO MUNICIPIOS VALUES(98,'Sukarrieta','BZK');
INSERT INTO MUNICIPIOS VALUES(99,'Trucios-Turtzioz','BZK');
INSERT INTO MUNICIPIOS VALUES(100,'Ubide','BZK');
INSERT INTO MUNICIPIOS VALUES(101,'Ugao-Miraballes','BZK');
INSERT INTO MUNICIPIOS VALUES(102,'Urduliz','BZK');
INSERT INTO MUNICIPIOS VALUES(103,'Urduña / Orduña','BZK');
INSERT INTO MUNICIPIOS VALUES(104,'Valle de Trápaga-Trapagaran','BZK');
INSERT INTO MUNICIPIOS VALUES(105,'Zaldibar','BZK');
INSERT INTO MUNICIPIOS VALUES(106,'Zalla','BZK');
INSERT INTO MUNICIPIOS VALUES(107,'Zamudio','BZK');
INSERT INTO MUNICIPIOS VALUES(108,'Zaratamo','BZK');
INSERT INTO MUNICIPIOS VALUES(109,'Zeanuri','BZK');
INSERT INTO MUNICIPIOS VALUES(110,'Zeberio','BZK');
INSERT INTO MUNICIPIOS VALUES(111,'Zierbena','BZK');
INSERT INTO MUNICIPIOS VALUES(112,'Ziortza-Bolibar','BZK');
--Gipuzkoa--
INSERT INTO MUNICIPIOS VALUES(1,'Abaltzisketa','GZK');
INSERT INTO MUNICIPIOS VALUES(2,'Aduna','GZK');
INSERT INTO MUNICIPIOS VALUES(3,'Aizarnazabal','GZK');
INSERT INTO MUNICIPIOS VALUES(4,'Albiztur','GZK');
INSERT INTO MUNICIPIOS VALUES(5,'Alegría de Oria','GZK');
INSERT INTO MUNICIPIOS VALUES(6,'Alkiza','GZK');
INSERT INTO MUNICIPIOS VALUES(7,'Altzaga','GZK');
INSERT INTO MUNICIPIOS VALUES(8,'Altzo','GZK');
INSERT INTO MUNICIPIOS VALUES(9,'Amezketa','GZK');
INSERT INTO MUNICIPIOS VALUES(10,'Andoain','GZK');
INSERT INTO MUNICIPIOS VALUES(11,'Anoeta','GZK');
INSERT INTO MUNICIPIOS VALUES(12,'Antzuola','GZK');
INSERT INTO MUNICIPIOS VALUES(13,'Arama','GZK');
INSERT INTO MUNICIPIOS VALUES(14,'Aretxabaleta','GZK');
INSERT INTO MUNICIPIOS VALUES(15,'Asteasu','GZK');
INSERT INTO MUNICIPIOS VALUES(16,'Astigarraga','GZK');
INSERT INTO MUNICIPIOS VALUES(17,'Ataun','GZK');
INSERT INTO MUNICIPIOS VALUES(18,'Aia','GZK');
INSERT INTO MUNICIPIOS VALUES(19,'Azkoitia','GZK');
INSERT INTO MUNICIPIOS VALUES(20,'Azpeitia','GZK');
INSERT INTO MUNICIPIOS VALUES(21,'Baliarrain','GZK');
INSERT INTO MUNICIPIOS VALUES(22,'Beasain','GZK');
INSERT INTO MUNICIPIOS VALUES(23,'Beizama','GZK');
INSERT INTO MUNICIPIOS VALUES(24,'Belauntza','GZK');
INSERT INTO MUNICIPIOS VALUES(25,'Berastegi','GZK');
INSERT INTO MUNICIPIOS VALUES(26,'Berrobi','GZK');
INSERT INTO MUNICIPIOS VALUES(27,'Bidegoian','GZK');
INSERT INTO MUNICIPIOS VALUES(28,'Zegama','GZK');
INSERT INTO MUNICIPIOS VALUES(29,'Zerain','GZK');
INSERT INTO MUNICIPIOS VALUES(30,'Zestoa','GZK');
INSERT INTO MUNICIPIOS VALUES(31,'Zizurkil','GZK');
INSERT INTO MUNICIPIOS VALUES(32,'Deba','GZK');
INSERT INTO MUNICIPIOS VALUES(33,'Eibar','GZK');
INSERT INTO MUNICIPIOS VALUES(34,'Elduain','GZK');
INSERT INTO MUNICIPIOS VALUES(35,'Elgoibar','GZK');
INSERT INTO MUNICIPIOS VALUES(36,'Elgeta','GZK');
INSERT INTO MUNICIPIOS VALUES(37,'Eskoriatza','GZK');
INSERT INTO MUNICIPIOS VALUES(38,'Ezkio-Itsaso','GZK');
INSERT INTO MUNICIPIOS VALUES(39,'Hondarribia','GZK');
INSERT INTO MUNICIPIOS VALUES(40,'Gaintza','GZK');
INSERT INTO MUNICIPIOS VALUES(41,'Gabiria','GZK');
INSERT INTO MUNICIPIOS VALUES(42,'Gaztelu','GZK');
INSERT INTO MUNICIPIOS VALUES(43,'Getaria','GZK');
INSERT INTO MUNICIPIOS VALUES(44,'Hernani','GZK');
INSERT INTO MUNICIPIOS VALUES(45,'Hernialde','GZK');
INSERT INTO MUNICIPIOS VALUES(46,'Ibarra','GZK');
INSERT INTO MUNICIPIOS VALUES(47,'Ikaztegieta','GZK');
INSERT INTO MUNICIPIOS VALUES(48,'Idiazabal','GZK');
INSERT INTO MUNICIPIOS VALUES(49,'Irún','GZK');
INSERT INTO MUNICIPIOS VALUES(50,'Irura','GZK');
INSERT INTO MUNICIPIOS VALUES(51,'Itsasondo','GZK');
INSERT INTO MUNICIPIOS VALUES(52,'Larraul','GZK');
INSERT INTO MUNICIPIOS VALUES(53,'Lasarte-Oria','GZK');
INSERT INTO MUNICIPIOS VALUES(54,'Lazkao','GZK');
INSERT INTO MUNICIPIOS VALUES(55,'Leaburu','GZK');
INSERT INTO MUNICIPIOS VALUES(56,'Legazpi','GZK');
INSERT INTO MUNICIPIOS VALUES(57,'Legorreta','GZK');
INSERT INTO MUNICIPIOS VALUES(58,'Lezo','GZK');
INSERT INTO MUNICIPIOS VALUES(59,'Lizartza','GZK');
INSERT INTO MUNICIPIOS VALUES(60,'Mendaro','GZK');
INSERT INTO MUNICIPIOS VALUES(61,'Mondragón-Arrasate','GZK');
INSERT INTO MUNICIPIOS VALUES(62,'Mutriku','GZK');
INSERT INTO MUNICIPIOS VALUES(63,'Mutiloa','GZK');
INSERT INTO MUNICIPIOS VALUES(64,'Olaberria','GZK');
INSERT INTO MUNICIPIOS VALUES(65,'Oñate','GZK');
INSERT INTO MUNICIPIOS VALUES(66,'Oreja','GZK');
INSERT INTO MUNICIPIOS VALUES(67,'Orendain','GZK');
INSERT INTO MUNICIPIOS VALUES(68,'Orio','GZK');
INSERT INTO MUNICIPIOS VALUES(69,'Ormaiztegi','GZK');
INSERT INTO MUNICIPIOS VALUES(70,'Oiartzun','GZK');
INSERT INTO MUNICIPIOS VALUES(71,'Pasajes','GZK');
INSERT INTO MUNICIPIOS VALUES(72,'Placencia de las Armas','GZK');
INSERT INTO MUNICIPIOS VALUES(73,'Errezil','GZK');
INSERT INTO MUNICIPIOS VALUES(74,'Rentería','GZK');
INSERT INTO MUNICIPIOS VALUES(75,'Salinas de Léniz ','GZK');
INSERT INTO MUNICIPIOS VALUES(76,'San Sebastián-Donostia','GZK');
INSERT INTO MUNICIPIOS VALUES(77,'Segura','GZK');
INSERT INTO MUNICIPIOS VALUES(78,'Tolosa','GZK');
INSERT INTO MUNICIPIOS VALUES(79,'Urnieta','GZK');
INSERT INTO MUNICIPIOS VALUES(80,'Usurbil','GZK');
INSERT INTO MUNICIPIOS VALUES(81,'Bergara','GZK');
INSERT INTO MUNICIPIOS VALUES(82,'Billabona','GZK');
INSERT INTO MUNICIPIOS VALUES(83,'Villafranca de Ordicia ','GZK');
INSERT INTO MUNICIPIOS VALUES(84,'Villarreal de Urrechua ','GZK');
INSERT INTO MUNICIPIOS VALUES(85,'Zaldibia','GZK');
INSERT INTO MUNICIPIOS VALUES(86,'Zarautz','GZK');
INSERT INTO MUNICIPIOS VALUES(87,'Zumarraga','GZK');
INSERT INTO MUNICIPIOS VALUES(88,'Zumaia','GZK');



DROP TABLE VIAS CASCADE CONSTRAINTS; 

CREATE TABLE VIAS (
  idVia NUMBER(10),
  tipoVia VARCHAR2(30) NOT NULL,
  nombreVia VARCHAR2(45) NOT NULL,
  idMunicipio NUMBER(10),
  CONSTRAINT vias_pk PRIMARY KEY (idVia),
  CONSTRAINT viasMun_fk FOREIGN KEY (idMunicipio)
    REFERENCES MUNICIPIOS (idMunicipio));

INSERT INTO VIAS VALUES(1,'Calle','Barratxi',47);
INSERT INTO VIAS VALUES(2,'Calle','Portal de Zurbano',47);
INSERT INTO VIAS VALUES(3,'Avenida','Olmos',47);
INSERT INTO VIAS VALUES(4,'Calle','Chiquita',47);
INSERT INTO VIAS VALUES(5,'Calle','Dato',47);
INSERT INTO VIAS VALUES(6,'Calle','Plaza de la Constitución',47);
INSERT INTO VIAS VALUES(7,'Calle','Fueros',47);
INSERT INTO VIAS VALUES(8,'Calle','Mayor',5);
INSERT INTO VIAS VALUES(9,'Calle','Sagamin',5;
INSERT INTO VIAS VALUES(10,'Calle','Alaiza',6);
INSERT INTO VIAS VALUES(11,'Calle','Santsaerreka',7);
INSERT INTO VIAS VALUES(12,'Calle','Ermitaurre',7);
INSERT INTO VIAS VALUES(13,'Calle','Pio XII',47);
INSERT INTO VIAS VALUES(14,'Calle','Ruperto Urquijo',32);
INSERT INTO VIAS VALUES(15,'Calle','Virgen del Carmen',32);
INSERT INTO VIAS VALUES(16,'Calle','Lamuza',32);
INSERT INTO VIAS VALUES(17,'Avenida','Zumalacárregui',47);
INSERT INTO VIAS VALUES(18,'Calle','Cerrajería',33);
INSERT INTO VIAS VALUES(19,'Calle','Maskuribai',33);
INSERT INTO VIAS VALUES(20,'Calle','Lucas Rey',34);
INSERT INTO VIAS VALUES(21,'Calle','Concepción',36);
INSERT INTO VIAS VALUES(22,'Avenida','María Díaz de Haro',4);
INSERT INTO VIAS VALUES(23,'Calle','Julio Urquijo',4);
INSERT INTO VIAS VALUES(24,'Calle','María Díaz de Haro',4);
INSERT INTO VIAS VALUES(25,'Calle','Mayor',4);
INSERT INTO VIAS VALUES(26,'Avenida','Basagoiti',4);
INSERT INTO VIAS VALUES(27,'Calle','Konporte',4);
INSERT INTO VIAS VALUES(28,'Calle','Adolfo Urioste',4);
INSERT INTO VIAS VALUES(29,'Calle','Juan Calzada',4);
INSERT INTO VIAS VALUES(30,'Calle','Mayor',3);
INSERT INTO VIAS VALUES(31,'Plaza','San Juan',3);
INSERT INTO VIAS VALUES(32,'Calle','San Marcial',3);
INSERT INTO VIAS VALUES(33,'Avenida','El Boulevard',3);
INSERT INTO VIAS VALUES(34,'Calle','Elkano',3);
INSERT INTO VIAS VALUES(35,'Avenida','Libertad',3);
INSERT INTO VIAS VALUES(36,'Calle','Aldaba Txiki',3);
INSERT INTO VIAS VALUES(37,'Calle','Santa Clara',3);
INSERT INTO VIAS VALUES(38,'Calle','Amarotz',3);




DROP TABLE DIRECCIONES CASCADE CONSTRAINTS; 

CREATE TABLE DIRECCIONES (
  idDireccion VARCHAR2(40),
  numDir VARCHAR2(3),
  letra VARCHAR2(1),
  piso VARCHAR2(2),
  escalera VARCHAR2(10),
  mano VARCHAR2(3),
  cp VARCHAR2(5) NOT NULL,
  idVia NUMBER(10),
  CONSTRAINT direcciones_pk PRIMARY KEY (idDireccion),
  CONSTRAINT dirVias_fk FOREIGN KEY (idVia)
    REFERENCES VIAS (idVia));



DROP TABLE MENORES CASCADE CONSTRAINTS; 

CREATE TABLE MENORES (
  idSolicitante NUMBER(10),
  dniMenor VARCHAR2(13) UNIQUE,
  nombreMenor VARCHAR2(20) NOT NULL,
  apel1Menor VARCHAR2(30) NOT NULL,
  apel2Menor VARCHAR2(30) NOT NULL,
  sexoMenor VARCHAR2(1) NOT NULL,
  fechaNacMenor DATE NOT NULL,
  discapacidadMenor VARCHAR2(2) NOT NULL,
  idInscrip VARCHAR2(10),
  idDir VARCHAR2(40),
  CONSTRAINT menores_pk PRIMARY KEY (idSolicitante),
  CONSTRAINT menIns_fk FOREIGN KEY (idInscrip)
    REFERENCES INSCRIPCIONES (idInscripcion),
  CONSTRAINT menDir_fk FOREIGN KEY (idDir)
    REFERENCES DIRECCIONES (idDireccion),
  CONSTRAINT discapacidadMenor_ck CHECK(lower(discapacidadMenor) IN('si','no')));


CREATE OR REPLACE SEQUENCE idSolicitud_seq INCREMENT BY 1 START WITH 1;
		
CREATE OR REPLACE SEQUENCE idCentro_seq INCREMENT BY 1 START WITH 1;

CREATE OR REPLACE SEQUENCE idSolicitante_seq INCREMENT BY 1 START WITH 1;

CREATE OR REPLACE SEQUENCE idMunicipio_seq INCREMENT BY 1 START WITH 1;

















